Id,ORGANIZATION,NAME,GENDER,SPECIALITY,ADDRESS,CITY,STATE,ZIP,LAT,LON,ENCOUNTERS,PROCEDURES
350dd21c-e4bf-3d0e-a605-d541767f3a3f,74ab949d-17ac-3309-83a0-13b4405c66aa,Gabriel934 Reilly981,F,GENERAL PRACTICE,881 Main Street,Fitchburg,MA,01420,42.586487,-71.80521,138,0
52a92395-22bb-3cc8-903c-567bf1366fa3,e09d4c49-c2ef-3b0f-9a46-3719d9219306,Jules135 Emard19,M,GENERAL PRACTICE,60 HOSPITAL RD,LEOMINSTER,MA,014533290,42.54031915,-71.76312990486304,668,0
9c69ba31-77ac-3f00-b126-e70136886fc7,77645e49-3f69-3d1d-bb93-dc65210e2fac,Jarvis643 Ankunding277,M,GENERAL PRACTICE,363 HIGHLAND AVE,FALL RIVER,MA,027205246,41.7093779,-71.1460783680883,26,0
51dc6f48-2807-330a-b8c6-d4c12895b0eb,a418cf76-2ee3-3736-a752-29ee33e86015,Nicolas769 Kuhlman484,M,GENERAL PRACTICE,62 CENTER STREET,FAIRHAVEN,MA,027193823,41.63663425,-70.90101829397507,1,0
180a8d1e-c5b9-3c49-b348-b03b4afea94a,e3089df2-a1db-372a-b660-30392d8c197b,Marylynn944 Waters156,F,GENERAL PRACTICE,178 N MAIN ST,SHARON,MA,020671229,42.13301625,-71.17263163492832,50,0
9f1fd2ec-388d-3132-8610-baffa5fc0b08,ab701a70-a658-340e-8f69-ee196a7d40c6,Bud153 Parisian75,M,GENERAL PRACTICE,484 RTE 134,WORCESTER,MA,016071728,42.2625621,-71.8018877,10,0
0fd9d5dc-fe5f-367e-993c-ac2a01348980,88e28a1c-aad9-36d0-832b-b579ecb95c3d,Cherish740 Toy286,F,GENERAL PRACTICE,14 MANNING AVENUE,LEOMINSTER,MA,014535768,42.5253035,-71.7584413,43,0
379a2fcf-5c31-3d6f-a361-6e0f6eca6634,65450d34-6d61-3601-b325-9d471587b016,Rachael540 Moore224,F,GENERAL PRACTICE,4 COURTHOUSE LN,CHELMSFORD,MA,018241731,42.62439345,-71.35881000636567,32,0
7dad3474-6df7-3199-9bdb-4c76833904be,5fab4eec-522e-334a-a3e0-41605e009495,Lou594 Fadel536,M,GENERAL PRACTICE,485 FRANKLIN ST,FRAMINGHAM,MA,017026215,42.2901292,-71.42823088074331,3,0
ac08d8c4-4ee3-386c-84c8-8297da1b0d66,817a1428-2045-3e89-9fa2-ef7d287d6fa5,Emilio417 Ocampo729,M,GENERAL PRACTICE,70-71 N PARISH RD,LAWRENCE,MA,01843,42.690315,-71.150015,37,0
51257ca1-bf33-324b-b967-9ad3201c734d,667b46fe-0afa-3f70-a311-bbe3d52db050,Maricarmen445 Caballero789,F,GENERAL PRACTICE,757 BOSTON POST RD,WORCESTER,MA,016071728,42.231371,-72.165386,2,0
a93586a2-57bb-37f4-98b3-96465d418e47,bdc3ee76-9cf3-316d-b202-a8da1ea3fa20,Laverna97 Rippin620,F,GENERAL PRACTICE,130 RUMFORD AVENUE  SUITE 211,AUBURNDALE,MA,024661370,42.35853505,-71.24125521214887,1,0
4097bf80-5e9a-3057-b3a9-01192d504f4a,8f0ec876-22d3-3986-892e-4c2052d0fffa,Simone657 Harris789,F,GENERAL PRACTICE,94 SUMMER ST,FITCHBURG,MA,014205761,42.57835885,-71.78584786190521,2,0
ddef84d0-6577-328c-8c47-aed32318bacb,8e3ca57f-6f74-3d61-9803-ab1424290216,Concha418 Mann644,F,GENERAL PRACTICE,89 MORTON STREET,ANDOVER,MA,018102036,42.6551409,-71.12857340697036,2,0
9e70029d-e02c-3ceb-a77b-c23be725516b,5fcff9db-16e4-3e56-aa78-abbc16338097,Margene509 Schamberger479,F,GENERAL PRACTICE,295 VARNUM AVE,WESTFORD,MA,018863513,42.5792583,-71.4378411,83,0
6f801a7e-5e69-3186-a50e-6644405dbecf,fa09396a-2926-3b21-ad0c-9f6cabbce0eb,Raquel318 Zaragoza109,F,GENERAL PRACTICE,1210 BOSTON PROVIDENCE TPKE,NORWOOD,MA,020625061,42.1714075,-71.1951186,1,0
6ee62a51-9186-32f4-8480-9ca596585376,1ddd51d1-7297-3c3b-bad5-98aecd5e4a79,Derrick232 Kub800,M,GENERAL PRACTICE,127 CAMBRIDGE STREET  SUTIE #2B,BURLINGTON,MA,018033735,42.50188325,-71.19559351572005,4,0
e1c181ab-37c3-397c-9183-11e2da8b86cc,c272e12f-e154-3fee-b05d-b7c0cab2657d,Shasta644 King743,F,GENERAL PRACTICE,800 WASHINGTON ST,NORWOOD,MA,020623487,42.1886973,-71.2005241,12,0
a88a063e-a098-3252-bf0f-075ee2c4fbec,b66db758-a205-3227-9cfb-bf19d2c1962d,Noreen211 Stroman228,F,GENERAL PRACTICE,121 HARVARD AVENUE  2ND FL,ALLSTON,MA,021342702,42.35241825,-71.13220132573996,14,0
bb852804-b1f8-3883-bb3b-4304dd878fb2,f6a306cf-7bd6-35f4-a6b7-2d07d273914c,Carolynn568 Von197,F,GENERAL PRACTICE,63 FOUNTAIN ST STE 402,FRAMINGHAM,MA,017026280,42.27595495,-71.42631150114194,28,0
a1347ac3-357e-3011-9ae2-8a236206d32e,02c936e2-3aee-38b2-88a4-81f3689b7bb7,Aaron697 Kohler843,M,GENERAL PRACTICE,120 FISHER AVENUE,BOSTON,MA,021203320,42.3276141,-71.1051603,76,0
f608945c-6689-3e26-92a0-42ec1a3e84b0,609ec9f1-e806-3427-b912-9e3b2915521d,Terence292 Conn188,M,GENERAL PRACTICE,575 BEECH STREET,HOLYOKE,MA,010406604,42.20105435,-72.628169560868,22,0
d5aa1b3c-f3b1-3a11-93d2-0b66149ec157,4ffa4412-1493-3beb-b8f0-6614dde953a4,Sulema841 Ryan260,F,GENERAL PRACTICE,363 HIGHLAND AVENUE,WAREHAM,MA,025715011,41.745636,-70.658192,12,0
47859f4d-badb-38a2-920c-bcfd8ec067bb,ede4a423-6258-3ef5-b5ba-0fa6bb579563,Rodrigo242 Ureña88,M,GENERAL PRACTICE,326 NICHOLS ROAD,FITCHBURG,MA,014205478,42.5974358,-71.80761197366103,102,0
14b00d15-7f00-39ce-8c52-f379957643ce,a14e698d-a9ba-3eae-9c8b-682ec726433d,Karla801 Cummerata161,F,GENERAL PRACTICE,776 WESTERN AVE,LYNN,MA,019052408,42.466763,-70.9494939,9,0
90310da2-737f-370e-9c54-85a043daec10,dd9914b0-9491-3330-a890-d34e95e497ea,Assunta351 Haley279,F,GENERAL PRACTICE,1061 PLEASANT ST,NEW BEDFORD,MA,027406728,41.64280275,-70.92865004309593,81,0
341c07ec-1393-31ce-9d38-73bf031e3416,d4b9a3f0-210d-3e46-a2c7-e099658ac543,Lucina142 Moen819,F,GENERAL PRACTICE,7000 GREAT MEADOW ROAD,DEDHAM,MA,020264090,42.266408549999994,-71.19518435636284,5,0
980d90d3-8a01-31f4-942e-ca144f4d98ac,5ba6765a-f335-36b0-9c6a-6bb494c5330d,Sasha806 Schamberger479,F,GENERAL PRACTICE,31 OLD ROUTE 7,WESTWOOD,MA,020902333,42.2139873,-71.2244987,20,0
9f15fcbe-498f-3593-bdcc-e1090a97109b,b6eeaaf7-1683-3bcb-b6ee-81ce304636ef,Zachery872 Pagac496,M,GENERAL PRACTICE,170 GOVERNORS AVE,MELROSE,MA,021763225,42.4564323,-71.064182,41,0
20767f81-a2fb-36d7-89b3-1d1e5efba982,d613e441-68e8-3502-8adb-3f770a1276bf,Colin861 Witting912,M,GENERAL PRACTICE,114 WATER ST,MILFORD,MA,017573007,42.13661855,-71.53474614336832,37,0
cfd32efd-954a-3612-809c-04678dc04f04,b03b624d-c939-3688-986d-9555b8009a3b,Trinity427 Hartmann983,F,GENERAL PRACTICE,230 MAPLE ST,HOLYOKE,MA,010405144,42.207406,-72.608419,21,0
b1e91de6-b72e-3a76-96c3-98833a8ee1ce,ea153d0a-9ccc-3769-9a25-934b417071b7,Adam631 Towne435,M,GENERAL PRACTICE,463 WORCESTER RD,FRAMINGHAM,MA,017015354,42.3095704,-71.4413097,135,0
e06fbda1-02b4-3eb9-83e7-8b156ec667ef,469171e3-f6ec-3258-8e16-7038f6a439c0,Rodger755 Brakus656,M,GENERAL PRACTICE,COUNTRYSIDE DRIVE,MILFORD,MA,017571252,42.1413353,-71.5192019,3,0
c8c98e8a-7b43-381c-844b-9135dafc42b0,18061fd5-fda8-3e2d-87f0-0f3c87211bcc,Margarite168 Koepp521,F,GENERAL PRACTICE,1493 CAMBRIDGE ST,SOMERVILLE,MA,021431408,42.3875968,-71.0994968,12,0
71c58d27-343d-30cb-924b-ba6767c3152b,76281d34-caff-30e0-8545-bcdf33182109,Jane262 Schmeler639,F,GENERAL PRACTICE,500 WILBUR AVENUE,SOMERSET,MA,027252051,41.72075205,-71.16843052114558,1,0
d0d4552a-b233-340f-8b05-b737fb8e3be0,acffdfa8-1383-3929-8c99-e73969491439,Warren653 O'Keefe54,M,GENERAL PRACTICE,1153 CENTRE ST,BOSTON,MA,021303446,42.3017598,-71.12855793387442,89,0
0f463c2d-eca6-3b3d-b350-192f8dd1e94d,1e11392b-1278-3e70-93cd-f396cbd0c265,Gerry91 Block661,F,GENERAL PRACTICE,115 LINCOLN ST,NATICK,MA,017607700,42.2843753,-71.3441395,26,0
b651f26a-2212-3cac-b7f4-5f5fc0a219dd,fe30f2b4-9bc8-346e-afba-4455d1766545,Georgetta870 Turner526,F,GENERAL PRACTICE,17 LAFAYETTE AVENUE,CHELSEA,MA,021502010,42.40019115,-71.03050082480353,6,0
a37cd0c9-4ca8-38f9-a072-aaf618a3a1e3,b4e81d20-a3d6-39db-8b04-bcc4ab5de7b2,Warren653 Flatley871,M,GENERAL PRACTICE,354 WAVERLY ST,FRAMINGHAM,MA,017027079,42.276938650000005,-71.41386787587439,37,0
6e1e3743-531e-3c26-aaea-bc12d8d0bdec,0fedae9f-701f-3317-9b2f-69aea2202cdc,Sharron285 Batz141,F,GENERAL PRACTICE,88 EAST NEWTON STREET,WINTHROP,MA,021522715,42.3750976,-70.982827,74,0
c00d2c2f-f9db-30d7-9472-2738b8fe3d0b,c7b63332-fdc7-3ab3-936b-284b931a9f6a,Bertha558 Nolan344,F,GENERAL PRACTICE,55 COOPER STREET,AGAWAM,MA,010012149,42.080218599999995,-72.61816103207964,6,0
ea7aa631-ad45-3301-9016-f11f6c643a12,86bbc3aa-e927-3d56-9d77-ab701b4b2926,Lucien408 Howe413,M,GENERAL PRACTICE,538 ROBESON STREET,FALL RIVER,MA,027205496,41.707225,-71.1432141111111,7,0
933ecf24-d176-3531-afd7-754afdb7f4af,a3327df4-d092-350b-b551-e60c82076c9a,King743 Predovic534,M,GENERAL PRACTICE,46 NORTH MAIN ST,W BROOKFIELD,MA,015853232,42.23754835,-72.13791547215251,46,0
335224ab-85fc-3b8e-84d0-f251ee7da229,aade280a-3b90-3e48-9648-91109a964a63,Josef103 Klein929,M,GENERAL PRACTICE,909 SUMNER ST,DARTMOUTH,MA,027473826,41.6332267,-70.9879928,131,0
b8129754-5f94-3134-ad89-51940f2653c0,e59fb2d5-508c-38c6-af2e-21d8216dd2b0,Logan497 Fisher429,M,GENERAL PRACTICE,759 CHESTNUT ST,WARE,MA,010821625,42.256476,-72.237482,108,0
d0d5f26a-2d8c-3c22-aedd-a2c2e46ecc70,980d9bfa-a344-3bff-8c02-232dd0e8fd34,Pearlie554 Lakin515,F,GENERAL PRACTICE,100 TRADE CENTER SUITE G-700,WOBURN,MA,018011851,42.4792618,-71.1522766,24,0
a2a18a17-c3ac-3960-9cd7-a02f1144b10e,794b1cc2-97be-30a4-83a0-4bf6add43c74,Hugo693 Gutmann970,M,GENERAL PRACTICE,215 THATCHER STREET,BROCKTON,MA,023023949,42.0740963,-70.99660306096918,1,0
398ba3c5-68a1-3f62-ae0c-2cd31ac602b6,440fa4b8-c731-3cf5-81d9-aa3f30a37b95,Joanna347 Abbott774,F,GENERAL PRACTICE,41 & 45 MALL ROAD,PEABODY,MA,019602901,42.5278731,-70.9286609,30,0
af2a043e-f2d7-3ed8-bbf1-f15d49b5926f,0fab3c4e-a028-39a6-b15a-be5a88b6aa2a,Miyoko154 Paucek755,F,GENERAL PRACTICE,222 STATE STREET,LUDLOW,MA,010563437,42.15547415,-72.47222226666076,12,0
464bb444-b2ac-3d8f-9d0a-6e465ccdcd45,3b021cb6-4745-3d9d-8436-230055f770bd,Horacio317 Collado928,M,GENERAL PRACTICE,148 CHESTNUT ST,NEEDHAM,MA,024943238,42.27728075,-71.23665362814043,42,0
3248c6e3-969a-36d6-ab64-58ef9bfcdd27,ab074997-79db-3114-b6ac-5c21cda8ee3a,Maryanne663 Abernathy524,F,GENERAL PRACTICE,111 HEADWATERS DR,HARWICH,MA,026451028,41.705945549999996,-70.08904355,2,0
cefae49d-1724-3934-89e4-533106b1e502,ce53c877-0290-390a-b4b4-2462001a1713,Greg949 Hilll811,M,GENERAL PRACTICE,847 ROGERS STREET  SUITE 201,LOWELL,MA,018524345,42.6275246,-71.27673639687623,8,0
2d5c65a5-e59b-3531-aa01-84593e435167,e9a24be5-b0a3-3fd2-a606-dd13498024ea,Estella474 O'Hara248,F,GENERAL PRACTICE,85 E MAIN ST STE A,NORTON,MA,027662307,41.971697,-71.17689334021827,14,0
ad1d9db7-9652-3975-b8b4-3d7f319a49e6,57e4e5fa-d68d-3caa-a5ad-37beb1b51207,Abdul218 White193,M,GENERAL PRACTICE,800 WASHINGTON ST,NORWOOD,MA,020623487,42.1886973,-71.2005241,1,0
261ac7d1-0be9-375f-8325-c60878538f56,00ffb204-07b4-3c72-a678-fa252e6cf86c,Kathlene786 Satterfield305,F,GENERAL PRACTICE,450 BEDFORD ST,LEXINGTON,MA,02420,42.47370735,-71.25090005,132,0
928086f3-0ec3-341e-88d6-9b8dd3258b0a,b8421363-9807-3b16-a146-95336eea5cfb,Cleveland582 Kuphal363,M,GENERAL PRACTICE,30 LOCUST ST,NORTHAMPTON,MA,010602052,42.33032115,-72.65330802608176,27,0
f1a889da-9ffb-315e-ae66-1610c1488391,8424b5ec-ba0a-32e9-94ae-a9d397884093,Booker670 Casper496,M,GENERAL PRACTICE,49 BLANCHARD STREET  SUITE 101,LAWRENCE,MA,018431456,42.69651155,-71.1612176954981,4,0
fd0b4ee3-09b2-3cb7-8b98-3072ccdaca6d,37111f41-8bc5-35d3-9cd9-5b447a11ffd1,Ilene33 Greenholt190,F,GENERAL PRACTICE,TEN INGALLS COURT,METHUEN,MA,018443712,42.7262016,-71.1908924,31,0
e8fc5ba2-5da1-37bb-94a3-b268bb4f5368,65f0254a-73a3-3b06-bced-54d511445535,Maira380 Carter549,F,GENERAL PRACTICE,720 BOSTON POST ROAD,MARLBOROUGH,MA,017523766,42.355106,-71.47654,6,0
dab08456-af0b-384e-a576-6df64f4c8b2d,901c2d40-1ca3-3879-9a20-c663b8adc0a9,Emory494 Schuster709,M,GENERAL PRACTICE,800 WASHINGTON STREET,STONEHAM,MA,021802445,42.4863168,-71.0928919,6,0
543c3b38-6bba-3cd3-97fb-62bb12f32ddf,6170552c-4d27-3e64-8068-64a380f1837d,Leo278 Pacocha935,M,GENERAL PRACTICE,76 SUMMER ST,HAVERHILL,MA,018305814,42.7786873,-71.07306505177553,282,0
3c181c24-4ad7-3349-a818-407505d7e04f,b9e35b8a-9831-32d8-a6dc-d7a546c126b0,Venus149 Blick895,F,GENERAL PRACTICE,111 HUNTOON MEMORIAL HIGHWAY  1ST FLOOR,SPRINGFIELD,MA,011092550,42.1018764,-72.5886727,126,0
88d18fac-24de-37f8-8b6a-1c78248a536e,7a75decf-7d3f-3b0d-8c2b-3abf0a8c7f58,Olin642 Kulas532,M,GENERAL PRACTICE,169 LIBERTY ST,MIDDLETON,MA,019491003,42.615226050000004,-71.0144865346162,34,0
2fc61059-0a6d-3dff-8783-e84f70679ea3,38508743-50d1-3429-8fe2-37e42ddaf20e,Marth98 Mayer370,F,GENERAL PRACTICE,164 HIGH ST,GREENFIELD,MA,013012778,42.595268700000005,-72.59288632376354,136,0
e0d6b475-b2bf-3a03-bc3f-6729ac480a5e,2f735290-1603-31b5-b561-7c8e0d413170,Jolynn62 Adams676,F,GENERAL PRACTICE,100 FOXBOROUGH BLVD STE 230,FOXBOROUGH,MA,020352878,42.041851949999995,-71.23486657070565,15,0
d0082f00-469b-30aa-ac73-f8218b0bfc77,27bf2e46-7445-35e7-9106-3ce1b074db47,José3 Lebrón484,M,GENERAL PRACTICE,80 BOSTON RD,NORTH BILLERICA,MA,018621034,42.5871093,-71.2948553,1,0
9958d53f-18a6-3169-a1c1-91a5d44dda1d,e1818b21-4458-3b9c-b2b8-7ed6f57ae078,Mateo562 Rosas160,M,GENERAL PRACTICE,2399 BOSTON ROAD,WILBRAHAM,MA,010951185,42.14668485,-72.45048427046072,1,0
0f2e218c-19a6-32c0-8e09-a03dece40f5e,328f813e-4de8-3ec2-a113-43f3ddfb0b2a,Eldridge510 Roob72,M,GENERAL PRACTICE,30-40 WESTPARK STREET,BROCKTON,MA,023015241,42.0834335,-71.0183787,51,0
af7a9aac-25e8-3aef-897d-513ff2cfec46,f2068cee-c75c-321d-9b2c-c33535db89c9,Charles364 Prosacco716,F,GENERAL PRACTICE,32 BOSSI AVE,RANDOLPH,MA,023682002,42.20017865,-71.0582074,28,0
7f72831f-e345-3f09-b908-b86edd3cb200,9b1f8cd0-2246-3f4f-82df-23ea314c7665,Verdie59 Bruen238,F,GENERAL PRACTICE,800 ESSEX ST,LAWRENCE,MA,018414617,42.70162725,-71.1755487945157,1,0
b6fa07dc-18f4-313c-95d6-bdb76b890bfc,15d4c950-4691-3996-b4c4-bf06bfb58ff7,Alvin56 Crona259,M,GENERAL PRACTICE,70 EAST ST,METHUEN,MA,018445883,42.7285558,-71.16833738237946,158,0
01a7e179-8c9f-3f8f-b785-07040e033c76,5018c664-e283-30eb-932a-529d9a19b3b5,Numbers230 Stehr398,M,GENERAL PRACTICE,300 SOUTH ST,WOBURN,MA,018014979,42.473347,-71.144086,199,0
f8371e9e-ad87-3626-b5a6-522b2eb0b2ea,2e8b42f8-4300-30a9-a576-d513d1021a0a,Chris95 Haag279,M,GENERAL PRACTICE,600 CLARK RD,TEWKSBURY,MA,018761699,42.63120935,-71.27023603178071,117,0
d1a58937-babd-39d4-ad44-ea72bf1f4941,d140ed3f-2696-3e78-bd77-1c959ec4fc4d,Orpha286 Marks830,F,GENERAL PRACTICE,863 HATHAWAY ROAD,NEW BEDFORD,MA,027401916,41.6512968,-70.9669902070805,37,0
9d4df399-995e-3d2c-8676-2741724df68d,d4e48a16-0a60-3e90-81e5-c35b22ffe6af,Bertram873 Kutch271,M,GENERAL PRACTICE,856 STATE RD,NORTH ADAMS,MA,012473027,42.69967208677275,-73.16330754755236,13,0
5c23cdb6-ca65-308c-b53a-279a50cc1ea4,a609d72c-6c90-3703-8500-02b8c9c0f6dc,Lenard338 Dickens475,M,GENERAL PRACTICE,1000 NORTH ST,PITTSFIELD,MA,012011520,42.4680348,-73.24334506233173,1,0
94474226-b1ae-3fa5-8795-6d3224aa62a8,bccd7d67-203c-3d93-b6b0-bff5a146cd1d,Paulene52 Kihn564,F,GENERAL PRACTICE,286 WASHINGTON ST,STOUGHTON,MA,020721763,42.1384306,-71.1022598,3,0
a072946b-d4e9-36c3-8fbc-1ad4261258f8,63cb4d95-04a9-3a35-b5d9-f89e0377a48d,Thanh759 Weber641,M,GENERAL PRACTICE,211 PARK ST,ATTLEBORO,MA,027033143,41.9419187,-71.2752081695297,14,0
a4e3e403-fbdc-34d1-a00c-b1f40cf6b9b6,13f83225-b984-345a-a353-11237d5aadfb,Zonia753 Schroeder447,F,GENERAL PRACTICE,450 W RIVER ST,ORANGE,MA,013641408,42.5928702,-72.32953998953418,46,0
fa4849c3-5f27-381f-acf6-80d199327fd5,6e290541-eba3-37fc-a3e2-e58f77e84c7e,Christeen33 Toy286,F,GENERAL PRACTICE,15 LENOX ST.,SPRINGFIELD,MA,011083122,42.085779,-72.55846414285715,30,0
bc744fe5-dd71-3529-994d-7e75c777cd62,a0e043cc-dd00-3d67-938c-524d3690f90a,Birdie301 Hills818,F,GENERAL PRACTICE,61 LINCOLN ST,FRAMINGHAM,MA,017028264,42.2834291,-71.4175609,49,0
9e262043-7eca-3940-ae26-d9cb5c76ba33,a2a41caf-758f-3962-8e5f-e6e603f93d17,Noelle559 Padberg411,F,GENERAL PRACTICE,111 HUNTOON MEMORIAL HWY,ROCHDALE,MA,015421305,42.2020225,-71.89891616754682,51,0
ce994454-a906-3a83-ad8f-c0ea794d361c,0d24cc89-3256-330c-b36d-d8de8babef84,Will178 Bernhard322,M,GENERAL PRACTICE,1030 FALMOUTH RD,SOUTH YARMOUTH,MA,026641218,41.6667779,-70.1847414,14,0
11ea32af-86d3-3c2b-ba3d-3c6eedb603df,844a8cb2-4164-35b2-88b8-dffa2889a738,Alonzo487 Conn188,M,GENERAL PRACTICE,150 UNIVERSITY DRIVE,AMHERST,MA,010022232,42.368937,-72.53247107203978,11,0
4a29e565-f091-3bb5-be16-dd8fd769caf4,a6fb79e7-4abb-3a68-b62d-e501427fdca4,Barb55 Renner328,F,GENERAL PRACTICE,489 WASHINGTON ST STE 202,AUBURN,MA,015015709,42.187836,-71.83104,51,0
77cb5033-42ac-36ba-b21a-7950e59cecc9,fcad54de-c1cb-3039-8e22-1d2d28134044,Cleveland582 Lesch175,M,GENERAL PRACTICE,70 EAST ST,METHUEN,MA,018444597,42.7285558,-71.16833738237946,55,0
75ab2e01-97cd-334f-affc-3abbe9b35c23,9d0e702d-50a0-3f4c-9126-0951d560fd4b,Hellen346 Roberts511,F,GENERAL PRACTICE,189 MAY ST,WORCESTER,MA,016024339,42.25986305,-71.83597786023279,157,0
0e095162-a7ab-3a23-8b7b-a5bcce507a2e,f0e3e152-0b08-3819-b962-b043f63f6dc1,Kirby843 Rippin620,M,GENERAL PRACTICE,1010 VARNUM AVENUE,LOWELL,MA,018541915,42.6422606,-71.36626685573418,4,0
ed1d8d31-8b90-39a8-b1a4-aef2730fb82a,c7542447-e06e-32cb-b6db-243c23a0dbc2,José Emilio366 Leyva523,M,GENERAL PRACTICE,30 WARREN ST,BOSTON,MA,021353602,42.3501483,-71.14393324457691,103,0
0e3f5498-764b-3591-9f29-a1b2c2ffcc48,50c47685-8125-3c50-8311-8bd7ba9e9108,Mariano761 Gómez206,M,GENERAL PRACTICE,4199 WASHINGTON ST,ROSLINDALE,MA,021311733,42.2871447,-71.1277526,45,0
e1367487-96df-3ea2-9b66-411f3a55c2f4,46375470-1e20-3ddc-8dc5-010ba53826b6,Clara183 Reynolds644,F,GENERAL PRACTICE,40 WRIGHT ST,PALMER,MA,010691138,42.16934095,-72.34120457065711,73,0
3f145778-f40b-3291-8004-7d904b078d53,aba3e6f6-4562-342e-b90f-dd61b117f394,Maryjane289 White193,F,GENERAL PRACTICE,438 CHESTNUT STREET,SPRINGFIELD,MA,011072008,42.11291091861002,-72.59692685125127,5,0
2b5d44e6-c636-3e73-b832-42e295e355c1,47fb5a56-bee5-3ecd-9958-706b20831c82,Karey608 Torp761,F,GENERAL PRACTICE,600 CUMMINGS CENTER  SUITE 270X,WOBURN,MA,018016356,42.4792618,-71.1522766,9,0
55082b7d-8557-3f4f-afa8-65dd2592821c,ca8a919a-05f9-3687-bfb6-42800a70031e,Anita473 Gil594,F,GENERAL PRACTICE,6111 OAK TREE BLVD STE 301,FRAMINGHAM,MA,017014613,42.3095704,-71.4413097,45,0
5212341f-1b6c-33fe-b3c4-07702dfe54a6,be509ccb-bfb7-3b87-8945-8426b689ef9d,Man114 Balistreri607,M,GENERAL PRACTICE,2049 DORCHESTER AVENUE,BOSTON,MA,021244742,42.3554334,-71.060511,4,0
15d9fd1c-36da-3fdd-bfbe-948dacf68b0d,f087b01f-da5c-3db6-bb6d-8a3cf3e630c5,Serena400 Littel644,F,GENERAL PRACTICE,255 PARK AVE,WORCESTER,MA,016091989,42.26491135,-71.8185187,45,0
07dbf49d-8d7b-364e-8bf9-fc90a53a41ac,6873525f-1680-3ceb-b536-270d44b46e2e,Emilia403 Apodaca347,F,GENERAL PRACTICE,500 COLUMBIA RD,DORCHESTER,MA,021252322,42.3147979,-71.067633,38,0
dabed8f8-f540-335e-83ef-8fbd69dcb802,6c7fe370-02c4-3537-8f5e-373b2168b933,Shon148 Swift555,M,GENERAL PRACTICE,60 HOSPITAL ROAD,LEOMINSTER,MA,014533791,42.54031915,-71.76312990486304,1,0
30f2e139-e973-3459-aa32-437718ee52bd,9fbf3c5e-5f22-3b9f-9032-39d6de320874,Delois358 Langosh790,F,GENERAL PRACTICE,150 FLANDERS RD,WESTBOROUGH,MA,015811017,42.2770724,-71.5679154706427,5,0
ed27430e-8607-308e-bae1-df7fcd6eb114,f8918a95-31e8-3ac4-8d12-29ca6080ebda,Domitila545 Vandervort697,F,GENERAL PRACTICE,199 REEDSDALE RD,MILTON,MA,021863926,42.251368299999996,-71.0768393856917,37,0
a57be991-89c3-30e6-9ffd-640ce732f785,bce5b907-584b-345d-bbcf-912cf56cb6c3,Katia630 Parisian75,F,GENERAL PRACTICE,11-15 SANDERSDALE ROAD,WORCESTER,MA,016032467,42.0667952,-72.0084995,4,0
b6c17a3c-a004-3a99-8478-834f268d01fc,8d5880eb-1dd8-31ea-b7c5-21709f3bb341,Jared66 Satterfield305,M,GENERAL PRACTICE,50 ROWE ST,MELROSE,MA,021763201,42.4592093,-71.06078096379728,37,0
544b1a3b-a32e-3a94-b0db-d00469d41e31,3ff0f58b-7a1f-3334-9449-ff15f68b7d86,Winston220 McCullough561,M,GENERAL PRACTICE,275 SANDWICH ST,PLYMOUTH,MA,023607761,41.94186605,-70.6455366462985,46,0
d6272764-d943-33fd-9acd-4abd5b85a2ea,70e3ad4f-b9ff-3f3e-9990-2cd7e23a9d1c,Zane918 Bosco882,M,GENERAL PRACTICE,1238 RIVERDALE ST,WEST SPRINGFIELD,MA,010894675,42.1373438,-72.62624707492338,8,0
2eb61b54-c994-3be3-95ed-e28d77dbf7d9,80458ace-5754-39b0-807a-1a5b119cb5bb,Wilbert25 Nolan344,M,GENERAL PRACTICE,11 PONTIAC AVE,WEBSTER,MA,015701629,42.06282535,-71.87016198711046,1,0
807d7e29-80bf-384b-b329-b8fd0cb5b5fd,171254da-957c-304a-b3fc-51a2d3ebee43,Brittney657 Schmitt836,F,GENERAL PRACTICE,108 Merrimack St.,Haverhill,MA,01830,42.77449,-71.07901,211,0
8c09645f-8949-3401-bdc5-9993f9f15ac0,dae3ee01-f383-366e-9ad6-dc92963064ea,Kristin64 Will178,F,GENERAL PRACTICE,1233 MAIN ST,HOLYOKE,MA,010405381,42.16578055,-72.63389634691956,253,0
80a49bcb-0796-3ce3-9fb2-e4475cb3947e,f82ff162-c689-3682-876c-220cf96eb97b,Janey243 Schoen8,F,GENERAL PRACTICE,74 MAIN ST,FRAMINGHAM,MA,017022952,42.2976266,-71.42605348361442,48,0
c56155cb-7e4f-3f15-bd9f-7649edc8cc1d,9d989fcf-4ad9-3972-ada3-f275d967781e,Dominic463 Miller503,M,GENERAL PRACTICE,100 TER HEUN DR,SANDWICH,MA,025632377,41.7579043,-70.4968152,254,0
dedce33d-b028-37f9-b6ec-73b2c25e37d1,92d919ab-8380-3fda-a5f1-838e69b819c1,Jarrett354 Gutmann970,M,GENERAL PRACTICE,300 TRADECENTER STE 4750,WOBURN,MA,018017420,42.4994143,-71.161659,63,0
65b92625-0c11-3d7c-af91-f1b72053f83a,af3871c3-2098-3051-bcb7-8a919e194a16,Sherwood961 O'Conner199,M,GENERAL PRACTICE,97 LIBBEY PKWY,WEYMOUTH,MA,021893110,42.19322885,-70.94589987654936,32,0
44fc828f-52d1-339f-a3f5-1638e1e14066,a2cc09de-c1e2-3126-8c09-d49f95225281,Cristi782 Leannon79,F,GENERAL PRACTICE,300 LONGWOOD AVE,WALTHAM,MA,024532741,42.3756401,-71.2358004,67,0
f5e64563-5eb0-343b-9810-8a3f5323de1c,f312977e-8f41-3816-84cc-e5b12ba36955,Harlan808 Langosh790,M,GENERAL PRACTICE,1153 CENTRE ST,JAMAICA PLAIN,MA,021303446,42.3017598,-71.12855793387442,3,0
87edc9a2-3183-305d-b258-07099b6635cc,0519b293-2e92-3eb3-aeef-233da0babc93,Joslyn677 Friesen796,F,GENERAL PRACTICE,40 PARKHURST ROAD,CHELMSFORD,MA,018241511,42.6198215,-71.36189212971482,16,0
f1a48d92-ec4d-39fb-a588-edbfa3895998,5c896155-eb9a-383e-9162-a43ebb7f1cc5,Sammy219 Mayert710,M,GENERAL PRACTICE,400 LINDEN PONDS WAY,HINGHAM,MA,020433784,42.1972249,-70.91712645007524,3,0
0430f0a9-0044-372d-a716-883e2dea52a0,c5403c4f-14d5-3171-9227-a9b8327f3149,Lonnie913 Ferry570,F,GENERAL PRACTICE,52 OLNEY RD,CHICOPEE,MA,010202103,42.1487691,-72.6071119,22,0
6364feee-22ad-3691-80f2-08f928f7f707,1ef8d603-bec1-35f5-a830-2a0b919cf47f,Thresa531 Kutch271,F,GENERAL PRACTICE,1801 TURNPIKE STREET,NORTH ANDOVER,MA,018456322,42.6355548,-71.0761760490546,4,0
ed611475-2cd2-3fec-bcc0-084f57c2753f,9e469108-97a0-350a-b6ba-be2a286b3dcc,Tereasa291 Mueller846,F,GENERAL PRACTICE,150 FLANDERS RD,WESTBOROUGH,MA,015811017,42.2770724,-71.5679154706427,14,0
fdde752f-d5ad-35dc-ba42-ed591b1feb1b,06cc2462-430f-3322-9c87-7e971125f510,Bryon392 Mann644,M,GENERAL PRACTICE,133 OLD ROAD TO 9 ACRE COR,WESTFORD,MA,018863198,42.5792583,-71.4378411,266,0
01f02019-de2e-352e-ad17-f13d766af58b,4932efc0-a23f-3f57-803e-554caa6ae7a8,Lucas404 Nitzsche158,M,GENERAL PRACTICE,2446 HIGHLAND AVE,FALL RIVER,MA,027204504,41.73521465,-71.12778915697172,1,0
d8e60b4f-ba1f-3e28-83cc-ce8221f7f0f4,dd456e39-9f82-303b-9c3f-5db0e82a437e,Hugo693 Sandoval902,M,GENERAL PRACTICE,26 QUEEN ST,WORCESTER,MA,016102473,42.25930925,-71.81494729825698,20,0
51440819-5bdc-3443-ad0a-bc00db575086,ee7fab6f-6438-394f-b1f2-3e452f8f055a,Domonique463 Satterfield305,F,GENERAL PRACTICE,75 BRIMBAL AVENUE,BEVERLY,MA,019156009,42.570099299999995,-70.87108224250409,7,0
07c8fe05-d9b1-3840-ad09-4fd14474b01e,907b1d2f-2bf8-31b5-abc2-14d6b75faa96,Ellis535 Ernser583,M,GENERAL PRACTICE,340 MAPLE ST,MARLBOROUGH,MA,017523200,42.3358161,-71.54106510218209,27,0
d60aa14b-b635-3b0d-812f-e82643edc34e,880fad59-9c38-3a21-a39f-ccc801502ab3,Halina47 Pollich983,F,GENERAL PRACTICE,799 CONCORD AVENUE,CAMBRIDGE,MA,021381048,42.390849395521705,-71.1556550001627,3,0
d33fd952-06d4-3f4d-ac55-af7904776bd8,352f2e3b-0708-3eb4-9f7e-e73a685bf379,Gregg522 Willms744,M,GENERAL PRACTICE,157 UNION ST,SOUTHBOROUGH,MA,017721215,42.3056501,-71.5245087,316,0
260be3ee-9971-3315-a60a-745553bf4193,4887dc20-9ef6-3cc2-9c56-858388049a50,Kimberlie352 Kertzmann286,F,GENERAL PRACTICE,168 WEST CENTRAL STREET,NATICK,MA,017604122,42.282113100000004,-71.37898579435048,2,0
b37520fc-5f95-37cd-8b7f-fba14cf5f9c4,4fa643ae-1f58-3c2e-9f33-0ba56345ad10,Sharyl439 Williamson769,F,GENERAL PRACTICE,361 MAIN ST,WAREHAM,MA,025712153,41.761384899999996,-70.71911431737183,22,0
68255ddf-ba68-3fd8-988a-c4ffc1dd3cc8,e6d63525-40f0-3391-a58a-e6a03598911f,Dorotha379 Kassulke119,F,GENERAL PRACTICE,400 STANLEY ST,FALL RIVER,MA,027206009,41.7148511,-71.13527009152534,65,0
1074edca-940a-3f7d-96ac-a72512a64208,fb4a08b8-57ee-382b-b3cb-43d94f1bb4c0,Theo630 Hammes673,F,GENERAL PRACTICE,1010 SOUTH MAIN STREET,FALL RIVER,MA,027242855,41.690775450000004,-71.16515282264554,17,0
2bcc3251-5dfc-3ea0-b92d-8bbbaf4aeff5,2b97893e-dc50-378b-a266-f089b8450329,Magdalena964 Torphy630,F,GENERAL PRACTICE,250 MOUNT VERNON ST,DORCHESTER,MA,021253120,42.3194571,-71.04610844302991,24,0
fe1c8a39-aca7-37cd-956e-d8cae00ea9e8,d0894f6b-78d7-338d-82ad-b63de4d40014,Lynsey2 Lemke654,F,GENERAL PRACTICE,330 MOUNT AUBURN STREET,WALTHAM,MA,02452,42.3756401,-71.2358004,101,0
73edb17f-3c85-328d-98e0-349e474baa0a,f43f97f2-af04-3ed0-a42e-3681718cc9b2,Jacques50 Quigley282,M,GENERAL PRACTICE,725 NORTH ST,PITTSFIELD,MA,012014109,42.4600752,-73.2492795834909,14,0
7ea71529-17e6-3b96-a33b-a94efbd5114c,f202fe9c-c1dd-30d5-805e-6a26904dbbce,Christy428 Fahey393,F,GENERAL PRACTICE,256 GEORGETOWN RD,BOXFORD,MA,019211642,42.697599999999994,-70.98887494259449,45,0
1d24bbf3-4e81-398a-85f2-38f239ec70ae,19439108-9835-38fe-8ee2-1226a355cfba,Anderson154 Kunze215,M,GENERAL PRACTICE,694 WORCESTER RD,WELLESLEY,MA,024822837,42.2964859,-71.2925571,3,0
e262bfa1-af50-377e-9903-d665ef7ef7ba,0334ad53-5d57-384e-a411-63b075139c06,Silas208 Stamm704,M,GENERAL PRACTICE,66 CENTRAL STREET,EAST BRIDGEWATER,MA,023331913,42.03160525,-70.9572577506426,1,0
9fa534bb-c0b7-3f62-8a9e-8956b6f12e9c,069b90f9-309b-35e4-b990-d1dbacb962cc,Leo278 Strosin214,F,GENERAL PRACTICE,36 LOWER WESTFIELD ROAD,HOLYOKE,MA,010402749,42.16975305,-72.63488031242107,26,0
5f391bdd-000d-36a6-a1d3-61fb812bda73,b3f4de6b-901d-3856-ba81-35dc48a63d17,Jeana169 Cronin387,F,GENERAL PRACTICE,451 ANDOVER ST STE 205,NORTH ANDOVER,MA,018455079,42.6734518,-71.1268776,34,0
fc831ae0-50bd-377d-8077-317668b817eb,48a6d3ab-50ef-349e-8945-2558a78f378e,Junior695 Kuhlman484,M,GENERAL PRACTICE,795 MIDDLE ST,SWANSEA,MA,027774114,41.730919,-71.208117,7,0
9328888d-0bd4-3388-ac10-d0decae73edd,cabc0f0d-dcca-34a2-bc6b-519ed1cc7f74,Elicia233 Huels583,F,GENERAL PRACTICE,191 MERRIMACK ST STE 712,HAVERHILL,MA,018306199,42.7742236,-71.08181133783422,63,0
91861743-c29d-32f9-9bc7-5131e5a35932,7b7ce654-a413-37d1-9d34-97240c0ac580,Landon622 Kihn564,M,GENERAL PRACTICE,1 WRENTHAM ST,BELLINGHAM,MA,020192532,42.025037350000005,-71.48945118224057,2,0
ae58948c-7a9a-3091-a0b1-040d30e70114,7b20d1c4-c56b-3647-801c-5e4e13679073,Riley817 Prohaska837,M,GENERAL PRACTICE,275 SANDWICH ST,PLYMOUTH,MA,023602183,41.94186605,-70.6455366462985,10,0
2400ee0d-0f01-3249-84b7-2c6eff0fe66c,3e97ce4f-3ad7-3cea-883f-e2bb4ca89d83,Dan465 Swift555,F,GENERAL PRACTICE,30 NEW CROSSING RD,READING,MA,018673270,42.51809619399502,-71.0959083715027,4,0
2287d3d8-227a-3319-9a88-e2ae23e9b247,c60fc3df-9dbd-3f31-a456-41c84490266f,Booker670 Johnson679,M,GENERAL PRACTICE,146 MAC ARTHUR BOULEVARD,BOURNE,MA,025323902,41.7412166,-70.5989196,25,0
38e207df-301f-3c48-8cdd-bde117feec4d,4f59f709-8b84-3d27-a04b-c6b7b5544413,Jamison785 Davis923,M,GENERAL PRACTICE,70 BOLTWOOD WALK,AMHERST,MA,010022271,42.3768779,-72.51840280783739,92,0
cfdd7df9-d36f-3279-99eb-31f29cf32ab7,6d6ef57e-b2ce-3a69-bacf-4305c51834b0,Frankie174 Skiles927,M,GENERAL PRACTICE,186 HIGHLAND AVE,SOMERVILLE,MA,021431507,42.38845955,-71.10666839512322,1,0
f753128e-08f6-3557-b505-09a1fa7212a2,c25911bc-3240-358a-86ce-5f45bb8f0c53,Brock407 Hammes673,M,GENERAL PRACTICE,325 WOOD RD,WELLESLEY HILLS,MA,024812188,42.3130588,-71.2738201,42,0
83558bf0-8068-3b53-9287-722b53c4a4e0,79d49935-bcc0-36ca-920b-45365c367438,Sherita708 Hudson301,F,GENERAL PRACTICE,409 W BROADWAY,SOUTH BOSTON,MA,021272245,42.336831,-71.047958,65,0
28f07068-d6b2-3a65-a3d3-653d161cb03b,0f2c58ec-5323-3c0f-9bdf-af0df7eb2a2b,Mana631 Boehm581,F,GENERAL PRACTICE,130 DORCHESTER STREET,SOUTH BOSTON,MA,021272642,42.3334312,-71.0494949,34,0
d03ba233-7371-39b0-b2cd-3f61c75fbc4c,680532c8-2661-3b39-875a-b6ec0746ccf5,Cristobal567 Miramontes145,M,GENERAL PRACTICE,30 ATHOL ST,ALLSTON,MA,021341124,42.36075595,-71.13397379082869,42,0
f03175be-a417-35fc-8c17-f7eb780491a8,cc400ddc-c38d-3604-8d89-cea21555719f,Irene779 Kirlin939,F,GENERAL PRACTICE,87 CHESTNUT ST,NATICK,MA,017603644,42.293559188306446,-71.35158050924959,28,0
7d3abad9-0dcd-37c7-af07-6a89bf4b64a6,06376cbe-4880-384b-b459-7ce3eef36ced,Cody889 Ratke343,F,GENERAL PRACTICE,387 QUARRY ST,FALL RIVER,MA,027231026,41.6932713,-71.1402431739568,19,0
99119cf2-7f89-33ea-9ef8-d4b97779d326,2836d9ac-c6a6-39d1-8f13-fdf0fc8928f4,Carlton317 Koch169,M,GENERAL PRACTICE,365 EAST ST,TEWKSBURY,MA,018761950,42.6069472,-71.2180803,452,0
b39c6d38-504a-3ca1-801c-34348b1ebefc,b1cbaecc-a62b-3f8f-8791-e090f947a41c,Benjamín452 Castillo397,M,GENERAL PRACTICE,150 BERKELEY STREET,LAWRENCE,MA,018411224,42.72074925,-71.16392537985021,62,0
28f6ea6f-deff-3c74-b756-b9e70b2ff403,b5e6f1bd-c744-3556-9775-5ff8399eea33,Hedwig986 Wiza601,F,GENERAL PRACTICE,2284 MAIN ST,CONCORD,MA,017423829,42.44300895,-71.42458458423982,15,0
57abfc36-f989-3b01-89b1-3bfb6be86d7f,83579123-f29c-39b8-9f5f-8f79e91683c7,Reggie481 Kassulke119,M,GENERAL PRACTICE,100 CENTURY DR,WORCESTER,MA,016061244,42.3138278,-71.7707002,51,0
86bb10c8-febd-3fa6-9814-ed1577c14f24,a94f4f6e-88ad-39ff-a935-dc87f13327b1,Fae378 Wiza601,F,GENERAL PRACTICE,370 WEST STREET,LEOMINSTER,MA,014532073,42.535877150000005,-71.77537115047085,19,0
38162f00-f428-34d2-bc95-450b7a4da2da,94f6a3ae-7d8d-3cbc-a788-e400732da7e5,Malcolm243 Kuvalis369,M,GENERAL PRACTICE,450 WEST RIVER ST,ORANGE,MA,013649603,42.5928702,-72.32953998953418,2,0
d099e381-e212-3a82-8fc0-4fb56f860936,4bde4cbc-55f7-3501-90eb-2c88178c7be1,Melvin857 Nikolaus26,M,GENERAL PRACTICE,50 MEMORIAL DR,LEOMINSTER,MA,014532238,42.541995,-71.7628835,50,0
f280704b-1778-3471-afa2-059061e163e5,e2eab39c-5195-34aa-b35f-e89e37cfed01,Miguel815 Roberts511,M,GENERAL PRACTICE,55 FOGG ROAD,WEYMOUTH,MA,021893141,42.175539799999996,-70.9539153674405,23,0
4e422331-7254-3fcf-ad24-8e0cab851f6e,4fa8411f-42f8-3353-8947-bf15254c9dee,Lane844 Gutmann970,F,GENERAL PRACTICE,90 GREENWOOD STREET,WAKEFIELD,MA,018804039,42.476321150000004,-71.06922169005762,3,0
8ae42a08-eb5f-3c96-8778-786c471d53ba,a977feef-f585-3fa8-8deb-7e60fc2cab30,Keneth579 Schulist381,M,GENERAL PRACTICE,2314 MAIN STREET,TEWKSBURY,MA,018763128,42.58023655,-71.19367180835906,33,0
144c2735-9d08-30cd-92f0-8a082d4c3817,1de7e7d9-9a7a-3a3f-bf4c-b4de450711f2,Clelia416 Morissette863,F,GENERAL PRACTICE,198 LITTLETON RD,WESTFORD,MA,018863429,42.564282,-71.42620615382347,1,0
eef823a9-b722-3c2e-8817-010e775ccde1,df3f566c-97e5-31ed-b0fe-4b452666f736,Mckinley734 Rodriguez71,M,GENERAL PRACTICE,300 CHESTNUT ST,NEEDHAM,MA,024922477,42.27522125,-71.23743483674366,29,0
37ad6783-2106-3ee0-b7f9-9977b4681f2b,f5ccbb53-e4a0-32e5-a693-02150497a8f4,Tyrone215 Huels583,M,GENERAL PRACTICE,100 HIGHLAND ST,MILTON,MA,021863881,42.250705749999995,-71.07724199194602,26,0
2eb4da09-5448-3111-bdce-17560c203adb,497f39dd-280e-3d58-af5b-c5e3a3a09b10,Randy380 Bergstrom287,F,GENERAL PRACTICE,27 PARK ST,HYANNIS,MA,026015230,41.65363635,-70.27352219234834,127,0
1909836b-cc73-3a4c-8a34-402e6c8efb34,eaaf102d-0188-3a69-a751-030645e2a7b0,Cathey606 Kiehn525,F,GENERAL PRACTICE,605 MAIN STREET,WAREHAM,MA,025711031,41.76766153042966,-70.73096212925822,2,0
22cfb20d-2086-38e3-b726-174e7797a3f8,578b56de-fe9c-32e1-aea4-876f8bc01e9c,Agnes294 Dooley940,F,GENERAL PRACTICE,49 HILLSIDE STREET,FALL RIVER,MA,027205211,41.707406500000005,-71.14593659462452,6,0
b916b627-68eb-3a3f-a84f-423c9fd36c0f,0d7fd824-1c7b-3f8b-a662-f6c2005e82e1,Arminda86 Trantow673,F,GENERAL PRACTICE,88 MASONIC HOME ROAD,CHARLTON,MA,015071394,42.1389039,-71.9782681,2,0
0c0ac43f-9b66-32fe-8ff5-8852412638d7,a525d084-5a8f-3859-a048-2130a4092ec8,Samuel331 Runte676,M,GENERAL PRACTICE,2 MOUNT ROYAL AVENUE  SUITE 350,MARLBOROUGH,MA,017521976,42.34042135,-71.57841367654626,2,0
30c02533-e7b8-3a0f-ac49-872f97fef50a,accb8cdd-6560-3fef-b0a6-f12c3295026a,Gerardo48 Bergstrom287,M,GENERAL PRACTICE,969 PARK STREET,ATTLEBORO,MA,027035115,41.9266899,-71.2611303145582,2,0
853d0605-0148-3396-b496-78f77085c69d,390a2aa4-70b4-3a64-a12f-9bd777834c8d,Evangeline16 Howe413,F,GENERAL PRACTICE,710 MAIN STREET,HARWICH PORT,MA,026461931,41.669654699920855,-70.06169919459835,63,0
c6103ceb-fe3f-33e1-86ea-e46c611cb7b4,18a96051-91f4-3cba-af96-056ea14dfee0,Gaston250 Grimes165,M,GENERAL PRACTICE,25 HIGHLAND AVENUE,NEWBURYPORT,MA,019503872,42.81369325,-70.89091645747592,2,0
47f50be0-9fb2-398e-8582-ec8450cc54d6,1ab2b5f9-cb95-3236-beec-9b9d4a407c61,Carroll471 Eichmann909,M,GENERAL PRACTICE,725 NORTH ST,PITTSFIELD,MA,012014109,42.4600752,-73.2492795834909,10,0
0a9b2e00-88e2-3516-97a7-d0a7918eea67,07ae483b-b351-3add-8b05-afba832b88ea,Lanette41 Murray856,F,GENERAL PRACTICE,5 REDLANDS ROAD,WEST ROXBURY,MA,021321506,42.2879347,-71.15108161583282,5,0
abe8662a-0063-3d38-9b6d-299d7a279114,41e2a44c-477c-3511-96f9-12c476aa3b6a,Latoyia537 Lindgren255,F,GENERAL PRACTICE,85 E NEWTON ST,BOSTON,MA,021183553,42.336277100000004,-71.07085295687423,133,0
a2529021-d7b3-3351-b1f0-1c5f01d8af45,9d41e4fc-9507-3ddb-82ad-966046fca031,Cleo27 Lehner980,M,GENERAL PRACTICE,104 RANDOLPH ROAD,WORCESTER,MA,016062465,42.29955605000001,-71.79838133819244,9,0
d023bddf-40b9-3f6e-acd8-bcbd77f37d6c,5b0cd0a0-f277-3a66-bee6-d64b5be4a3f5,Maryann106 Hintz995,F,GENERAL PRACTICE,725 NORTH ST,PITTSFIELD,MA,012015493,42.4600752,-73.2492795834909,106,0
d681e3ac-c353-32c2-b26f-fda58e9bed95,073fa018-b600-3511-adaf-157abcb35bbe,Chi716 Metz686,M,GENERAL PRACTICE,76 SUMMER ST,FITCHBURG,MA,014205766,42.57944595,-71.78660379601062,25,0
419dc402-ad90-30f3-b26c-3fd7b6df4889,3e9de196-4046-327f-8de6-3f74d0583c66,Shan714 Boyle917,F,GENERAL PRACTICE,10 NEW ENGLAND BUSINESS CENTER DR STE 105,WOBURN,MA,018012120,42.4792618,-71.1522766,13,0
1794a469-8db3-330b-9d85-16217cc89294,ad2dab07-4f85-3950-baaa-7c7cd2aa770c,Federico589 Kuhic920,M,GENERAL PRACTICE,55 LAKE AVENUE NORTH,WORCESTER,MA,016550002,42.2774799,-71.76166994969458,14,0
24e34877-9742-3395-a108-0cd95e566f45,0d1570ab-371c-3898-9397-95905d8c5166,Santina680 Dicki44,F,GENERAL PRACTICE,750 WASHINGTON ST,BOSTON,MA,021111552,42.3499038,-71.0631836,103,0
e7210288-51d5-3b4f-be7c-7d0aee7270c0,1853aeef-5897-326a-80d6-aa4b0459eb6d,Kendra609 Kassulke119,F,GENERAL PRACTICE,381 WICKENDEN ST,ATTLEBORO,MA,027032247,41.9438129,-71.2806515,76,0
09f71106-90df-3654-a5b4-81104acd40d1,bdaa3017-130e-34e9-b3ac-ca6d992e8b50,Theron432 Bednar518,M,GENERAL PRACTICE,150 WATER STREET,HAVERHILL,MA,018306213,42.77508795,-71.07182802882255,11,0
5335b7f9-2d4f-36ab-bdbc-fab93869be67,2ca615f3-87f7-3283-a447-d919a883b676,Isaias604 Dickinson688,M,GENERAL PRACTICE,1399 WASHINGTON ST,HANOVER,MA,023391653,42.1441354,-70.8440854,2,0
fa431fc5-fc24-3dbd-86ab-53798060a442,c0a33465-d309-3d2a-932e-9d554a7cc19c,Veronika907 Rogahn59,F,GENERAL PRACTICE,100 CENTURY DR,WORCESTER,MA,016061244,42.3138278,-71.7707002,131,0
91555a19-2558-31cf-976e-b17f4db11d69,5e0ceaa0-5254-34c4-b5a7-ddc919790121,Columbus656 Goodwin327,M,GENERAL PRACTICE,HOLYOKE CARE CENTER LLC,HOLYOKE,MA,010402701,42.2071434,-72.60765,1,0
f395fbf0-7340-3df0-a44c-b8a5201bc020,0583e4f7-f1c2-3100-8e0c-d0decc7ef261,Dusti191 Howe413,F,GENERAL PRACTICE,123 WATERHOUSE ROAD,BOURNE,MA,025323890,41.72840155,-70.58506829999999,124,0
191f7acc-6ff6-3c7b-970d-7fd735d513e8,7f32dd7d-5c35-3ddb-839b-8fbbb930d412,Tyron580 Littel644,M,GENERAL PRACTICE,863 CENTRAL STREET,FRAMINGHAM,MA,017014813,42.30758060362541,-71.42846215724606,171,0
0be5c2f7-6761-3904-ad3f-c04492191fcb,65bd3883-56ee-3eea-8e86-b7e677a30727,Wilhelmina724 Block661,F,GENERAL PRACTICE,150 FLANDERS RD,WESTBOROUGH,MA,015811017,42.2770724,-71.5679154706427,1,0
e4230d62-9dc5-3d6b-ae82-420af3343609,51d38e67-9350-39b8-bbb3-91cc879ae415,Millie392 Hoppe518,F,GENERAL PRACTICE,335 NICHOLS ROAD,FITCHBURG,MA,014201932,42.598254850000004,-71.80841914533654,2,0
63d2ab14-65bf-3f2d-a16a-fb942902f179,80646050-1c76-3046-bbc8-fd5f0b7c34e6,Mateo562 Barajas558,M,GENERAL PRACTICE,140 ARNHOW FARM ROAD,FITCHBURG,MA,014201369,42.5903661,-71.8119837,85,0
ff0aa5f0-844a-304b-9b0c-863967fc27dd,0a689d33-2b0d-3942-8de8-e28812e91c69,Noah480 Pagac496,M,GENERAL PRACTICE,47 SEAVERNS AVE # 5,BROOKLINE,MA,024463806,42.3317642,-71.1211635,44,0
c7b3c5d3-ad8b-3f70-b2c5-0c6b4e333256,cac6f8b3-eafd-31b3-9fa3-8015752ccc2c,Celine582 Pagac496,F,GENERAL PRACTICE,123 SUMMER ST,WORCESTER,MA,016081216,42.26496835,-71.79655403681465,20,0
255a986c-f73a-32b5-87a7-852ab51091f0,6e517750-a29e-3170-a02b-5733ff523458,Margarita164 Abbott774,F,GENERAL PRACTICE,101 BARRY RD,WORCESTER,MA,016091275,42.3030701,-71.8333408960994,32,0
75fb282d-9be4-39a3-a502-8b939ee19b8d,3f12ebb4-e03c-3453-88d2-4fc9682383df,Erwin847 Stiedemann542,M,GENERAL PRACTICE,726 COUNTY ST,NORTH DARTMOUTH,MA,027473603,41.6389926,-70.9703171,38,0
98ad0c28-3940-3872-bec7-498a44a8ab7c,477c3c1a-ba1a-3102-8a91-56624ba236e4,Jacquiline133 Davis923,F,GENERAL PRACTICE,642 BOSTON POST RD,SUDBURY,MA,017763302,42.36142375,-71.44123077142632,1,0
3347e9ed-c514-325d-91c5-24f23f2abe3a,8af3b144-0e1a-3c90-937d-81a4ed026080,Guillermo498 Fay398,M,GENERAL PRACTICE,800 WASHINGTON STREET,NORWOOD,MA,020623489,42.1886973,-71.2005241,62,0
3f2ea7fb-1198-37b4-a6a8-6e6aa7c7a45d,9fdce5d5-d4d0-3156-a8d5-8757bfe4e9b3,Pamelia915 Kilback373,F,GENERAL PRACTICE,1 FARMER CIR,ARLINGTON,MA,024742866,42.42405225,-71.16792616556859,88,0
2ae473c7-29d8-37ee-bfc0-a98edf07a056,b3b56527-d366-3353-bca9-266a12f23051,Gil594 Schroeder447,M,GENERAL PRACTICE,60 QUAKER HIGHWAY,UXBRIDGE,MA,015691628,42.06100105,-71.62352848737622,4,0
0af3a433-b12b-37ad-85c0-4dd7d2e527ad,f1664435-2eca-3eff-bd1a-13701e7ad1bd,Rosa195 Marks830,F,GENERAL PRACTICE,300 PASTEUR DRIVE,NEWTON,MA,024592058,42.3370414,-71.2092214,20,0
c342f9e0-233d-3ae2-8724-930d9390f3e4,125eccb3-d003-34ea-9bd8-360dff059782,Rolande819 Gerlach374,F,GENERAL PRACTICE,125 PARKER HILL AVENUE,DEDHAM,MA,020266146,42.2489143,-71.1755732,46,0
aabd9dd9-48de-36cc-ab75-d9a025b2bd9b,52323856-2b6a-3c09-8277-7d4ff9cb325a,Vanna750 Schuster709,F,GENERAL PRACTICE,99 PARK STREET,BROOKLINE,MA,024464406,42.3398029,-71.1238599,3,0
a0621592-116d-3f7d-9c95-9e05cd6926d8,b93ffa11-ffab-3fe0-8c28-657817801192,Flor713 Berge125,F,GENERAL PRACTICE,9 MAPLE ST,WILBRAHAM,MA,010951730,42.150018599999996,-72.42537320933242,1,0
f7e10204-3204-3591-a90d-a1f7f0681b49,e5b9db6a-8dd8-3622-b9ce-3dc593e111d1,Carmelita854 Tromp100,F,GENERAL PRACTICE,1223 BEACON ST STE A,BROOKLINE,MA,024465332,42.3430087,-71.1170155,62,0
17ffaebc-57ed-3c2f-ac8d-6a343159e92e,e92dad8b-f485-315a-8fc4-1d7adfdc9c00,Ramiro608 Anderson154,M,GENERAL PRACTICE,581 FAUNCE CORNER RD,DARTMOUTH,MA,027471242,41.676111381167445,-70.98788528176077,663,0
29fc76cb-165b-3877-bd56-75a35068b11a,aad05540-c9cb-3805-b3c4-f9b9d9b42b2e,Quentin28 Fritsch593,M,GENERAL PRACTICE,821 E MAIN ST STE 3,CHICOPEE,MA,010206306,42.155774795300516,-72.55672263289513,18,0
55dab6f7-f085-3377-95d2-b89ab0946daa,2987ddf5-7ff2-3e4a-9e25-d654a10313fd,Josefina523 O'Connell601,F,GENERAL PRACTICE,519 MAIN STREET,MEDFIELD,MA,020522522,42.186209649999995,-71.30745495273302,3,0
da0cefd6-3381-310e-a856-2970994e08ce,eea92149-820f-301f-911e-b170e8312842,Tracey100 Hamill307,M,GENERAL PRACTICE,123 SUMMER STREET,WORCESTER,MA,016102177,42.26496835,-71.79655403681465,1,0
b9d35e5b-2e92-3982-a2c6-3a8b740d6df0,19a3afba-b409-3650-a0ab-f3faf6e391ef,Patrina117 Strosin214,F,GENERAL PRACTICE,199 REEDSDALE RD,WALTHAM,MA,024511433,42.3756401,-71.2358004,20,0
94647b74-8bba-318c-b90a-9fc50e2fcc60,0e9d0119-1157-35a0-8bb5-7e0aa3041928,Kari181 Trantow673,F,GENERAL PRACTICE,1049 MAIN STREET,SPRINGFIELD,MA,011032114,42.09977055,-72.58470990760483,29,0
eb8acd57-6c78-3c31-9e2d-b110663b8a38,76b7dbb5-0a02-32a4-9a01-3511f7e45016,Jerrold404 Satterfield305,M,GENERAL PRACTICE,59 COUNTRY WAY,SCITUATE,MA,020663746,42.1806871,-70.74862935148246,5,0
a9ecd5c0-0efd-3aae-86e0-dbce1c8a23df,25c85bcc-7e25-36bc-89e8-08e0d473db23,Sharron285 Okuneva707,F,GENERAL PRACTICE,138 S MAIN ST STE 14,MILFORD,MA,017573272,42.1270746,-71.51639128815474,9,0
b87aed20-1e89-3059-8ba2-73a74b5c780d,d9b71ccf-6649-3555-9e99-44eac0af257f,Javier97 Collier206,M,GENERAL PRACTICE,655 DEDHAM ST,WRENTHAM,MA,020931135,42.084901,-71.30689224201797,2,0
cb8e8e87-e781-382b-8303-4234525212e9,d6c165ec-d9ca-35a5-9bc8-2061cbfb83a2,Stuart913 Lynch190,M,GENERAL PRACTICE,10 ADAMS ST,NORTH CHELMSFORD,MA,018631780,42.6389249,-71.3840196,64,0
e1178989-608b-3417-8692-e4a511077e4c,1cec4304-9757-3a10-ad4f-7e2090c56131,Eugene421 Rohan584,F,GENERAL PRACTICE,55 LAKE AVE N,WORCESTER,MA,016550002,42.2774799,-71.76166994969458,24,0
4365f535-16e4-3edc-afaf-27bcc1eb9ea1,5862e05c-9533-3f7a-8f73-215d50f5ee2f,Emilio417 Barton704,M,GENERAL PRACTICE,1200 CENTRE ST,ROSLINDALE,MA,021311000,42.29768,-71.130463,29,0
6c11f567-7486-363c-9898-d5fabf72b5d7,ec7e487e-7e78-3eac-a9ee-37f8de98a0f9,Marlene554 Hammes673,F,GENERAL PRACTICE,277 WASHINGTON STREET,ABINGTON,MA,023512489,42.10060947239023,-70.94967338146704,2,0
675f5468-efce-3ecc-8599-2d4175a16c38,a8f1424c-00bc-3403-8db5-cd600978f3a4,Amos720 Bogan287,M,GENERAL PRACTICE,8 BURNHAM ST,TURNERS FALLS,MA,013761816,42.6042523,-72.5564777,40,0
0fdc3227-a3bb-36eb-aab7-55184776bc20,411f14a5-de79-3e08-81d6-301270cc2275,Fredrick998 Harvey63,M,GENERAL PRACTICE,64 CONCORD STREET,WILMINGTON,MA,018872179,42.55962465,-71.13772203658047,33,0
039f4fd0-0feb-35d6-9a13-6fda62026ddb,a5577e5c-b886-37a0-8eee-8ff6feb7ea6b,Leopoldo762 Keebler762,M,GENERAL PRACTICE,330 MOUNT AUBURN ST,CAMBRIDGE,MA,021385502,42.3741033,-71.13417575971958,235,0
0268ceb5-d11f-36ed-8dc8-fc78cd43e1ef,ce9c1582-994d-32bf-835c-474a249d2804,Maude482 Veum823,F,GENERAL PRACTICE,275 MARTINE STREET  SUITE 104,FALL RIVER,MA,027231500,41.68393816525316,-71.1220830626733,10,0
d6cd3d55-435b-34df-9872-8ef46b160416,9485907a-9f9c-3c19-a424-b402ee8f99c2,Lavern240 Bogisich202,M,GENERAL PRACTICE,101 PLANTATION STREET,WORCESTER,MA,016043025,42.258026400000006,-71.78384882397785,3,0
30465f89-4848-37aa-becf-7203f1a10acf,e7722de2-0e62-3dc9-a163-a7003956673b,Charlena802 Lockman863,F,GENERAL PRACTICE,1 EDGEWATER DRIVE  SUITE 103,NORWOOD,MA,020624669,42.16153305,-71.20162617190071,4,0
f26bd720-04cb-3e72-b866-85e858d64038,966245ce-e84d-36b0-a838-2e0b5bb2e668,Refugio197 Crooks415,M,GENERAL PRACTICE,1425 BLUE HILL AVENUE,MATTAPAN,MA,021262122,42.2754929,-71.09384131587021,1,0
c9a00d89-9a26-35c1-b34a-ad41900e2a91,4eddfa13-f996-3048-9bbc-541b0a29038a,Vince741 Schmidt332,M,GENERAL PRACTICE,736 CAMBRIDGE ST,BRIGHTON,MA,021353601,42.348649949999995,-71.14799584850206,11,0
94b5350f-9248-3e25-8ac4-cd1fa6e6d785,845fbd9b-2d1c-39a8-8261-28ae40e4fab2,Bennett146 Rippin620,M,GENERAL PRACTICE,14 PROSPECT STREET,UPTON,MA,015681431,42.1700209025178,-71.59409308099494,25,0
cb4a4ded-7b52-35c7-b393-6f76539012d6,9ce6072b-d039-3cde-8eaf-950211b8ae88,Saul605 Ratke343,M,GENERAL PRACTICE,147 S MAIN ST,MIDDLETON,MA,019492446,42.585787222720036,-71.00861442427218,14,0
401c673c-423e-307b-88b1-469f664774b5,af8566eb-8918-3ec7-ba44-92b6a2cf8097,Madelaine318 Walker122,F,GENERAL PRACTICE,81 HIGHLAND AVE,SALEM,MA,019702714,42.5112107,-70.90516241826194,66,0
d6bd79e8-6170-3b3b-8741-a2013e68f391,d1d4d104-68cb-356b-9086-888de7d2826f,Ellyn26 Windler79,F,GENERAL PRACTICE,61 Lincoln Street  Suite 112,Framingham,MA,01702,42.28348,-71.41845,490,0
40fbac63-6523-3ff9-896b-182eff336a8a,ecd3b321-0a8a-3ce6-81f0-982dd77fce43,Tracie996 Lesch175,F,GENERAL PRACTICE,25 HIGHLAND AVE,NEWBURYPORT,MA,019503867,42.81369325,-70.89091645747592,3,0
d51ddeb2-f44b-3718-b6f5-0ff5b80e07dd,eb2596c3-8814-3add-8516-474214bf5c62,Ollie731 Lemke654,M,GENERAL PRACTICE,250 W UNION ST,ASHLAND,MA,017211420,42.24214015,-71.48110671819278,3,0
5d0237ce-aa68-3131-8056-cc0195c6f71c,058176fd-cbb0-328b-8411-c19f5045032d,Dion244 Sanford861,M,GENERAL PRACTICE,840 EMERSON GARDENS ROAD,LEXINGTON,MA,02420,42.43761961817366,-71.19888753880475,4,0
602e2c38-eeb2-3f51-a037-5397cbfd7f97,4f5e8f16-a31b-3071-8556-d7188ede313d,Kala987 Wolf938,F,GENERAL PRACTICE,575 BEECH ST,HOLYOKE,MA,010402223,42.20105435,-72.628169560868,81,0
00112fc6-79de-3870-bc25-078cdd9f17c6,ae3eab22-8868-37bb-9a59-2b8bfe14bf34,Elise948 Smitham825,F,GENERAL PRACTICE,2033 MAIN STREET,ATHOL,MA,01331,42.58522105,-72.20868129339888,38,0
cd8912d3-8409-3dfd-bcee-882222af2746,f90ef475-defe-363d-a926-573b38f804a2,Bea654 Schiller186,F,GENERAL PRACTICE,54 HOPEDALE ST,HOPKINTON,MA,017481672,42.2288875,-71.5196439,30,0
4d371237-7e5a-3eb8-8544-eabab3c70787,41f66e18-8eb7-32f2-9371-7df5bf2b8d21,Lourdes258 Ozuna605,F,GENERAL PRACTICE,170 UNIVERSITY DRIVE,GREENFIELD,MA,013011238,42.6097476,-72.5979752,1,0
9d407e93-7fab-3fb9-ae2f-f2c1b9a3cacf,a25107f7-f4f5-36fc-98e4-f3e1b5875c91,Yesenia104 Wilderman619,F,GENERAL PRACTICE,1285 BEACON ST,WOBURN,MA,018012157,42.4979478,-71.1684508,27,0
02489b4d-22ba-3ea4-9441-d3b0eebff89e,0e6c3ad1-24c1-34cb-bb6d-e8438fa319e2,Vern731 Casper496,M,GENERAL PRACTICE,50 DODGE ST,SWAMPSCOTT,MA,019071300,42.4699241,-70.9171507,5,0
da3bfa2c-7656-340e-ba36-4c8900f42a19,bdd9ad72-443a-3563-a626-4c45f6d058b2,Angele108 Bogan287,F,GENERAL PRACTICE,147 PELHAM STREET,WORCESTER,MA,016072105,42.265209,-71.814005,10,0
db320b53-6dbf-3351-9c41-9019e47559eb,05fcf001-ab24-3d7d-85f7-f64942d82738,Leonarda398 Schumm995,F,GENERAL PRACTICE,250 POND STREET,FRAMINGHAM,MA,017014592,42.2838619,-71.4093719,1015,0
d84ad666-66b2-323b-b78e-a464fa283ce1,7e6db51f-7c1b-3555-9e1c-6269ba6d704d,Drew592 Streich926,M,GENERAL PRACTICE,120 STAFFORD STREET SUITE 206,WORCESTER,MA,016031461,42.239638,-71.8443785891577,1,0
312201d2-04bd-35cf-aaba-a3edc28bb6b2,ae382dff-4faf-34af-b91f-8ae2d34b6733,Truman805 Schaden604,M,GENERAL PRACTICE,200 HAWTHORN ST,NEW BEDFORD,MA,027402201,41.6284153,-70.93937104729301,1,0
3564a193-72a6-364e-9f9e-5c4c4663a9e2,e7b77e8f-b607-3273-aef9-ad1bca48813f,Rolland302 Turcotte120,M,GENERAL PRACTICE,209 W CENTRAL ST STE 216,NATICK,MA,017603716,42.28202598359604,-71.3899479380402,21,0
b4203394-c3cf-34fa-a41a-f17a3e60f090,d24e558b-6659-3c62-bfa7-938aa245c8a8,Francisco472 Crooks415,M,GENERAL PRACTICE,4 COURTHOUSE LANE SUITE 1-3,CHELMSFORD,MA,018241737,42.62439345,-71.35881000636567,29,0
5ab9982a-cc97-39b4-973c-b067fc8a8c7f,e5d50afe-8c7d-35f5-96f5-fb8941403b0f,Justin359 Hayes766,M,GENERAL PRACTICE,125 S CLARK ST STE 900,FALL RIVER,MA,02722,41.74223,-71.129706,42,0
7005c010-1c80-379f-a412-68f4d7d036ba,9adfae03-673d-365d-9052-f705098fa3e4,Daniel959 Wolff180,M,GENERAL PRACTICE,51 BLOSSOM ST,BOSTON,MA,021142699,42.36305545,-71.06643399281765,47,0
a4376b62-8eef-32ea-83e7-4fba2d93749a,01bde980-bf89-3138-8912-7360dff33247,Bradly656 Lang846,M,GENERAL PRACTICE,456 PARK AVE,WORCESTER,MA,016101254,42.25512735,-71.82580924803523,6,0
c81ab98f-f4fb-328f-bbd9-3c45d0d33154,217cb6f6-e822-3831-9d9d-ffa104971042,Luther918 Jakubowski832,M,GENERAL PRACTICE,2 REHABILITATION WAY,WOBURN,MA,018016003,42.46352265,-71.161925472006,75,0
45499942-abea-35cb-8ee4-3c57dc94f733,8a6e21d0-da20-3378-8176-4e5ad2b51983,Wes853 Torphy630,M,GENERAL PRACTICE,84 ELM STREET,HOLLISTON,MA,017462138,42.20234485,-71.42493275079366,61,0
123aa16a-62d9-32dc-bb60-faf0fcb2e2fa,4e56c7ec-99e5-3023-8e4f-95ad18a03f06,Duane703 Bosco882,M,GENERAL PRACTICE,28 RIVERSIDE DR STE 101,PEMBROKE,MA,023594947,42.11004715,-70.77534154695786,65,0
bde9fc4c-ab80-3b2c-a800-0263a03af3d1,e2a8b444-9b8f-36ff-84c4-05ee98589482,Francisco472 Gusikowski974,F,GENERAL PRACTICE,8 SHIPWAY PL # C-8,CHARLESTOWN,MA,021294301,42.3778749,-71.0619957,141,0
808e3e9a-53bd-3fbc-a828-948409c16a56,121b0ad1-1beb-3caa-9271-3d3f726bb727,Cortez851 Price929,M,GENERAL PRACTICE,1030 MAIN STREET,WALTHAM,MA,024517447,42.375828,-71.2527956,54,0
87e973ec-1f6d-32bb-9194-15a05cdc9987,883f57b8-89c6-3dc4-b6da-047705c88623,Parker433 Bailey598,M,GENERAL PRACTICE,363 HIGHLAND AVE,FALL RIVER,MA,027203703,41.7093779,-71.1460783680883,171,0
4e2d5f1c-5332-3a75-932f-9f7e8638f668,67cade01-dcfe-37b7-8e2c-b712d9e6fbba,Lelah386 Wintheiser220,F,GENERAL PRACTICE,694 MAIN ST,HOLDEN,MA,015201862,42.3406819,-71.8390289,9,0
9ef6cd25-51f7-370e-bd9c-427f5081b722,9f368e75-397f-3d77-a317-9a005512a4e2,Alta896 Pfannerstill264,F,GENERAL PRACTICE,381 PARK AVE,WORCESTER,MA,016101026,42.2583962,-71.82204240042036,24,0
65f11a81-54e2-3825-9eb2-9d18634ab8da,7cb70963-6f86-3eab-a12b-88deb31de793,Katelynn452 Ledner144,F,GENERAL PRACTICE,18 DANA HILL ROAD,STERLING,MA,015642414,42.4106904,-71.7976286731579,7,0
a6ed7cf6-9fd5-305a-a9ba-26df3c8f4bd7,485ae27b-c5ba-3fd0-9a16-c9eea20be185,Lael572 Kris249,F,GENERAL PRACTICE,275 MARTINE STREET  SUITE 202,FALL RIVER,MA,027231518,41.68393816525316,-71.1220830626733,1,0
0f1a7bd7-a915-304d-8e34-ece3703f02ac,47602b5b-f4aa-3c73-aa26-2268ccf7a83c,Christopher407 Fisher429,M,GENERAL PRACTICE,90 LINDALL STREET,DANVERS,MA,019232125,42.574712149999996,-70.94359556912616,1,0
137f43e9-8f40-3bc4-82f5-164dd6f8c769,6d16a8e3-3569-38ab-afac-a2f8c1125085,Lynn917 Crona259,M,GENERAL PRACTICE,1010 WALTHAM STREET,LEXINGTON,MA,024218052,42.4139392,-71.22929265883278,13,0
bdbd888c-bc8d-3dbe-8c88-291592737b94,486bf543-9696-3d51-aa70-28a3044ce490,Silvia880 Griego535,F,GENERAL PRACTICE,777 NORTH STREET,PITTSFIELD,MA,012014147,42.46054825,-73.24880457390918,83,0
ba5c3186-8c90-347d-aab7-9c70e920d576,53f086de-2fc7-3d35-92c2-aca4ed944e7f,Carisa395 Kutch271,F,GENERAL PRACTICE,1 GENERAL ST,LAWRENCE,MA,018412961,42.7097143,-71.15007700778098,226,0
6e12b0d6-c0e5-386d-89a4-2d0e6e273a7b,20f63278-6709-3195-b767-782d2a10bd5c,Stacee229 Krajcik437,F,GENERAL PRACTICE,640 CONCORD AVENUE,CAMBRIDGE,MA,021381116,42.389222000000004,-71.14799280677965,5,0
c7790f3d-e23a-3f1a-b093-58fa97343666,c709c5eb-ddd7-3778-84f7-0931a4d1c718,Jim478 Goyette777,M,GENERAL PRACTICE,1200 CENTRE ST,ROSLINDALE,MA,021311000,42.29768,-71.130463,158,0
189a4154-ab37-32e4-9df3-0ce17d89f811,c05d73d0-b348-32ce-9fe5-13a720950f37,Abraham100 McDermott739,M,GENERAL PRACTICE,45 DRUM HILL RD,CHELMSFORD,MA,018241503,42.6255635,-71.3615131,19,0
8b9156f4-c0b2-3053-96b0-147f68f70166,0592d4e5-a0fb-3143-83cd-8e5a6b066a96,Mica978 Lemke654,F,GENERAL PRACTICE,20 EAST ST,HANOVER,MA,023391638,42.1278249,-70.82664947485381,4,0
a25b1662-8794-3a30-a9ef-8f0c372f2585,c67ca7ed-4769-3b6c-a0a9-993f1227ff10,Allen322 Veum823,M,GENERAL PRACTICE,1 BLACKBURN DR,GLOUCESTER,MA,019302237,42.6269312,-70.65555242413386,73,0
7fb0d227-a96e-3f39-8141-f2d88f1c3094,612fb151-095d-3d11-942b-5907216f4dbb,Colin861 Crona259,M,GENERAL PRACTICE,34 HAVERHILL ST,LAWRENCE,MA,018412884,42.71186535,-71.15197382279813,28,0
447e369a-f14b-38fb-8551-c73b78bec094,6aae7a31-90df-3455-ad8d-81f8cf2d21e8,Damaris45 Funk324,F,GENERAL PRACTICE,680 CENTRE ST,BROCKTON,MA,023023308,42.0872752,-70.9910738855076,43,0
15576434-5b31-346d-949a-11999642baef,14036728-b721-3e4b-8755-8ee8ab6ed15e,Rocky100 Schmeler639,M,GENERAL PRACTICE,625 MOUNT AUBURN ST,CAMBRIDGE,MA,021384518,42.375351,-71.1468628,30,0
